facility_name,facility_type_id,facility_type_name,county,street_address,city,state_code,zip_code,territory_id
ABILENE - SOUTHERN HILLS STA,1,Post Office,TAYLOR,2501 BUFFALO GAP RD,ABILENE,TX,79605,
ABILENE - MAIN OFFICE,1,Post Office,TAYLOR,341 PINE ST,ABILENE,TX,79601,
ABILENE - AUXILIARY VMF,2,Vehicle Maintenance,TAYLOR,810 N 4TH ST,ABILENE,TX,79601,
ADDISON - MAIN OFFICE,1,Post Office,DALLAS,4900 AIRPORT PKWY,ADDISON,TX,75001,
ALAMO - MAIN OFFICE,1,Post Office,HIDALGO,423 LOS ALAMOS DR,ALAMO,TX,78516,
ALICE - MAIN OFFICE,1,Post Office,JIM WELLS,401 E 2ND ST,ALICE,TX,78332,
ALLEN - MAIN OFFICE,1,Post Office,COLLIN,401 CENTURY PKWY,ALLEN,TX,75013,
ALVIN - MAIN OFFICE,1,Post Office,BRAZORIA,455 E HOUSE ST,ALVIN,TX,77511,
AMARILLO - LONE STAR STATION,1,Post Office,POTTER,5000 S WESTERN ST,AMARILLO,TX,79109,
AMARILLO - JORDAN STATION,1,Post Office,POTTER,8301 W AMARILLO BLVD,AMARILLO,TX,79124,
ANDREWS - MAIN OFFICE,1,Post Office,ANDREWS,110 NW AVENUE H,ANDREWS,TX,79714,
ANGLETON - MAIN OFFICE,1,Post Office,BRAZORIA,100 CANNAN DR,ANGLETON,TX,77515,
ANSON JONES - STATION,1,Post Office,HARRIS,634 W CAVALCADE ST,HOUSTON,TX,77009,
ANSON - MAIN OFFICE,1,Post Office,JONES,1002 11TH ST,ANSON,TX,79501,
ARLINGTON - OAKWOOD STATION,1,Post Office,TARRANT,1009 OAKWOOD LN,ARLINGTON,TX,76012,
ARLINGTON - BARDIN ROAD STATION,1,Post Office,TARRANT,1301 E BARDIN RD,ARLINGTON,TX,76018,
ARLINGTON - WATSON STATION,1,Post Office,TARRANT,1975 BALLPARK WAY,ARLINGTON,TX,76006,
ARLINGTON - MELEAR STATION; MELEAR STORAGE,1,Post Office,TARRANT,3903 MELEAR DR,ARLINGTON,TX,76015,
ARLINGTON - MELEAR VMF,2,Vehicle Maintenance,TARRANT,3920 S COOPER ST,ARLINGTON,TX,76015,
ARLINGTON - TATE SPRINGS FIN STA,1,Post Office,TARRANT,4108 SW GREEN OAKS BLVD,ARLINGTON,TX,76017,
ART - MPO/MODULAR BUILDING,1,Post Office,MASON,7866 E STATE HIGHWAY 29,ART,TX,76820,
ATHENS - MAIN OFFICE,1,Post Office,HENDERSON,409 E TYLER ST,ATHENS,TX,75751,
ATLANTA - MAIN OFFICE,1,Post Office,CASS,101 E MILLER ST,ATLANTA,TX,75551,
AUBREY - MAIN OFFICE,1,Post Office,DENTON,120 STANLEY DR,AUBREY,TX,76227,
AUSTIN - McNeil Station,1,Post Office,WILLIAMSON,10109 LAKE CREEK PKWY,AUSTIN,TX,78729,
AUSTIN - BALCONES STATION,1,Post Office,TRAVIS,11900 JOLLYVILLE RD,AUSTIN,TX,78759,
AUSTIN - BLUEBONNET STATION,1,Post Office,TRAVIS,1822 W BRAKER LN,AUSTIN,TX,78758,
AUSTIN - LAKE TRAVIS BRANCH,1,Post Office,TRAVIS,2110 RANCH ROAD 620 S,LAKEWAY,TX,78734,
AUSTIN - CENTRAL PARK STATION,1,Post Office,TRAVIS,3507 N LAMAR BLVD,AUSTIN,TX,78705,
AUSTIN - CHIMNEY CORNERS STATION,1,Post Office,TRAVIS,3575 FAR WEST BLVD,AUSTIN,TX,78731,
AUSTIN - S CONGRESS STATION,1,Post Office,TRAVIS,3903 S CONGRESS AVE,AUSTIN,TX,78704,
AUSTIN - SOUTHEAST STATION,1,Post Office,TRAVIS,4516 BURLESON RD,AUSTIN,TX,78744,
AUSTIN - OAK HILL STATION,1,Post Office,TRAVIS,6104 OLD FREDERICKSBURG RD,AUSTIN,TX,78749,
AUSTIN - MOCKINGBIRD STATION,1,Post Office,TRAVIS,7310 MENCHACA RD,AUSTIN,TX,78745,
AUSTIN - NORTHCROSS STATION,1,Post Office,TRAVIS,7700 NORTHCROSS DR,AUSTIN,TX,78757,
AUSTIN - NORTHEAST STATION; NORTHEAST VMF,2,Vehicle Maintenance,TRAVIS,900 BLACKSON AVE,AUSTIN,TX,78752,
AZLE - MAIN OFFICE,1,Post Office,TARRANT,409 COMMERCE ST,AZLE,TX,76020,
BAILEY - MO/MODULAR BLDG,1,Post Office,FANNIN,107 N MAIN ST,BAILEY,TX,75413,
BALLINGER - MAIN OFFICE,1,Post Office,RUNNELS,116 S 8TH ST,BALLINGER,TX,76821,
BARSTOW - MPO/MODULAR BLDG,1,Post Office,WARD,211 MACKEY AVE,BARSTOW,TX,79719,
BAY CITY - MAIN OFFICE,1,Post Office,MATAGORDA,1309 BAYWOOD DR,BAY CITY,TX,77414,
BAYTOWN - STATION A,1,Post Office,HARRIS,3508 MARKET ST,BAYTOWN,TX,77520,
BAYTOWN - MAIN OFFICE,1,Post Office,HARRIS,601 W BAKER RD,BAYTOWN,TX,77521,
BEAUMONT - SOUTH END STATION,1,Post Office,JEFFERSON,3501 AVENUE A,BEAUMONT,TX,77705,
BEAUMONT - TOBE HAHN STATION,1,Post Office,JEFFERSON,3910 N DOWLEN RD,BEAUMONT,TX,77706,
BEAUMONT - BEAUMONT TX LPC; VMF,5,Mail Processing,JEFFERSON,5815 WALDEN RD,BEAUMONT,TX,77707,
BEDFORD - MAIN OFFICE,1,Post Office,TARRANT,1300 HARWOOD RD,BEDFORD,TX,76021,
BEDFORD - CENTRAL STATION,3,Administrative Office,TARRANT,2124 L DON DODSON DR,BEDFORD,TX,76021,
BEEVILLE - MAIN OFFICE,1,Post Office,BEE,111 N SAINT MARYS ST,BEEVILLE,TX,78102,
BELLAIRE - MAIN OFFICE,1,Post Office,HARRIS,5350 BELLAIRE BLVD,BELLAIRE,TX,77401,
BELTON - MAIN OFFICE,1,Post Office,BELL,111 N WALL ST,BELTON,TX,76513,
BIG SPRING - MAIN OFFICE,1,Post Office,HOWARD,501 S MAIN ST,BIG SPRING,TX,79720,
BLEDSOE - MO/MODULAR BLDG,1,Post Office,COCHRAN,512 4TH ST,BLEDSOE,TX,79314,
BOERNE - CARRIER ANNEX,1,Post Office,KENDALL,6 UPPER BALCONES RD,BOERNE,TX,78006,
BOERNE - MAIN OFFICE,1,Post Office,KENDALL,607 E BLANCO RD,BOERNE,TX,78006,
BONHAM - MAIN OFFICE,1,Post Office,FANNIN,300 N CENTER ST,BONHAM,TX,75418,
BORGER - MAIN OFFICE,1,Post Office,HUTCHINSON,500 S MCGEE ST,BORGER,TX,79007,
BOWIE - MAIN OFFICE,1,Post Office,MONTAGUE,113 N MASON ST,BOWIE,TX,76230,
BRADY - MAIN OFFICE,1,Post Office,MCCULLOCH,229 S BLACKBURN ST,BRADY,TX,76825,
BRAZORIA - MAIN OFFICE,1,Post Office,BRAZORIA,111 GAINES ST,BRAZORIA,TX,77422,
BRECKENRIDGE - MAIN OFFICE,1,Post Office,STEPHENS,123 W WILLIAMS ST,BRECKENRIDGE,TX,76424,
BREMOND - MAIN OFFICE,1,Post Office,ROBERTSON,400 S MAIN ST,BREMOND,TX,76629,
BRIDGE CITY - MAIN OFFICE,1,Post Office,ORANGE,900 TEXAS AVE,BRIDGE CITY,TX,77611,
BROWNSVILLE - MAIN OFFICE,1,Post Office,CAMERON,1535 E LOS EBANOS BLVD,BROWNSVILLE,TX,78520,
BROWNWOOD - MAIN OFFICE,1,Post Office,BROWN,600 CENTER AVE,BROWNWOOD,TX,76801,
BRYAN - DOWNTOWN STA,1,Post Office,BRAZOS,210 W WM J BRYAN PKWY,BRYAN,TX,77803,
BRYAN - P&DC-MAIN OFFICE-SHF,5,Mail Processing,BRAZOS,2121 E WM J BRYAN PKWY,BRYAN,TX,77801,
BUDA - MPO,1,Post Office,HAYS,1320 CABELAS DR,BUDA,TX,78610,
BUFFALO - MAIN OFFICE,1,Post Office,LEON,208 CENTER ST,BUFFALO,TX,75831,
BURKBURNETT - MAIN OFFICE,1,Post Office,WICHITA,501 COUNTY RD,BURKBURNETT,TX,76354,
BURLESON - MAIN OFFICE,1,Post Office,JOHNSON,232 SW JOHNSON AVE,BURLESON,TX,76028,
CALDWELL - MAIN OFFICE,1,Post Office,BURLESON,201 N MAIN ST,CALDWELL,TX,77836,
CAMDEN - MAIN OFFICE BUILDING,1,Post Office,POLK,242 POST OFFICE RD,CAMDEN,TX,75934,
CAMERON - MAIN OFFICE,1,Post Office,MILAM,202 W 2ND ST,CAMERON,TX,76520,
CANYON - MAIN OFFICE,1,Post Office,RANDALL,1304 4TH AVE,CANYON,TX,79015,
CARLTON - MPO/MODULAR BLDG,1,Post Office,HAMILTON,139 S FM 1744,CARLTON,TX,76436,
CARRIZO SPRINGS - MAIN OFFICE,1,Post Office,DIMMIT,401 N 5TH ST,CARRIZO SPRINGS,TX,78834,
CARROLLTON - MAIN OFFICE,1,Post Office,DALLAS,2030 E JACKSON RD,CARROLLTON,TX,75006,
CARROLLTON - ROSEMEADE STATION,1,Post Office,DALLAS,3755 N JOSEY LN,CARROLLTON,TX,75007,
CARTHAGE - MAIN OFFICE,1,Post Office,PANOLA,109 W WELLINGTON ST,CARTHAGE,TX,75633,
CATARINA - MO/MODULAR BLDG,1,Post Office,DIMMIT,19929 S US HIGHWAY 83,CATARINA,TX,78836,
CEDAR HILL - MAIN OFFICE,1,Post Office,DALLAS,475 E FM 1382,CEDAR HILL,TX,75104,
CEDAR PARK - MAIN OFFICE,1,Post Office,WILLIAMSON,500 E WHITESTONE BLVD,CEDAR PARK,TX,78613,
CHANNELVIEW - MAIN OFFICE,1,Post Office,HARRIS,531 SHELDON RD,CHANNELVIEW,TX,77530,
CHAPMAN RANCH - MAIN OFFICE,1,Post Office,NUECES,1004 COUNTY ROAD 8A,CHAPMAN RANCH,TX,78347,
CHILDRESS - MAIN OFFICE,1,Post Office,CHILDRESS,507 AVENUE F NW,CHILDRESS,TX,79201,
CHILTON - MO/MODULAR BLDG,1,Post Office,FALLS,2581 STATE HIGHWAY 7,CHILTON,TX,76632,
CIBOLO - MAIN OFFICE,1,Post Office,GUADALUPE,725 FM 1103,CIBOLO,TX,78108,
CISCO - MAIN OFFICE,1,Post Office,EASTLAND,206 W 6TH ST,CISCO,TX,76437,
CLARKSVILLE - MAIN OFFICE,1,Post Office,RED RIVER,403 N WALNUT ST,CLARKSVILLE,TX,75426,
CLEBURNE - MAIN OFFICE,1,Post Office,JOHNSON,201 FAIRCREST DR,CLEBURNE,TX,76033,
CLEVELAND - MAIN OFFICE,1,Post Office,LIBERTY,1213 E HOUSTON ST,CLEVELAND,TX,77327,
CLIFTON - MAIN OFFICE,1,Post Office,BOSQUE,407 W 5TH ST,CLIFTON,TX,76634,
CLUTE - MAIN OFFICE,1,Post Office,BRAZORIA,530 E MAIN ST,CLUTE,TX,77531,
COLEMAN - MAIN OFFICE,1,Post Office,COLEMAN,201 W PECAN ST,COLEMAN,TX,76834,
COLLEGE STATION - MAIN OFFICE,1,Post Office,BRAZOS,2130 HARVEY MITCHELL PKWY S,COLLEGE STATION,TX,77840,
COLLEYVILLE - MAIN OFFICE,1,Post Office,TARRANT,1501 HALL JOHNSON RD,COLLEYVILLE,TX,76034,
COLORADO CITY - MAIN OFFICE,1,Post Office,MITCHELL,116 W 3RD ST,COLORADO CITY,TX,79512,
COMSTOCK - MPO/MODULAR BLDG,1,Post Office,VAL VERDE,32108 W US HIGHWAY 90,COMSTOCK,TX,78837,
CONCEPCION - MPO/MODULAR BLDG.,1,Post Office,DUVAL,2239 FM 716,CONCEPCION,TX,78349,
CONROE - MAIN OFFICE,1,Post Office,MONTGOMERY,809 W DALLAS ST,CONROE,TX,77301,
CONVERSE - MAIN OFFICE,1,Post Office,BEXAR,9155 SCHAEFER RD,CONVERSE,TX,78109,
COOPER - MAIN OFFICE,1,Post Office,DELTA,150 E DALLAS AVE,COOPER,TX,75432,
COPPELL - MAIN OFFICE,1,Post Office,DALLAS,450 S DENTON TAP RD,COPPELL,TX,75019,
COPPERAS COVE - MAIN OFFICE,1,Post Office,CORYELL,802 E AVENUE D,COPPERAS COVE,TX,76522,
CORPUS CHRISTI - FLOUR BLUFF STATION,1,Post Office,NUECES,10139 SECURITY DR,CORPUS CHRISTI,TX,78418,
CORPUS CHRISTI - PORTAIRS STATION,1,Post Office,NUECES,4213 S PORT AVE,CORPUS CHRISTI,TX,78415,
CORPUS CHRISTI - LAMAR PARK STATION,1,Post Office,NUECES,4801 EVERHART RD,CORPUS CHRISTI,TX,78411,
CORPUS CHRISTI - SOUTHSIDE STATION,1,Post Office,NUECES,6742 WEBER RD,CORPUS CHRISTI,TX,78413,
CORPUS CHRISTI - SIX POINTS STATION,1,Post Office,NUECES,902 AYERS ST,CORPUS CHRISTI,TX,78404,
CORSICANA - MAIN OFFICE,1,Post Office,NAVARRO,116 S MAIN ST,CORSICANA,TX,75110,
COTTON CENTER - MPO/MODULAR BUILDING,1,Post Office,HALE,2359 FM 179,COTTON CENTER,TX,79021,
CRANE - MAIN OFFICE,1,Post Office,CRANE,509 S ALFORD ST,CRANE,TX,79731,
CROCKETT - MAIN OFFICE,1,Post Office,HOUSTON,600 E GOLIAD AVE,CROCKETT,TX,75835,
CROSBY - MAIN OFFICE,1,Post Office,HARRIS,133 HARE RD,CROSBY,TX,77532,
CROWLEY - MAIN OFFICE,1,Post Office,TARRANT,200 S CROWLEY RD,CROWLEY,TX,76036,
CUERO - MAIN OFFICE,1,Post Office,DE WITT,301 E MAIN ST,CUERO,TX,77954,
CUNEY - MPO/MODULAR BLDG,1,Post Office,CHEROKEE,9455 US HIGHWAY 175 W,CUNEY,TX,75759,
CUNNINGHAM - MPO/MODULAR BLDG,1,Post Office,LAMAR,12810 FM 196,CUNNINGHAM,TX,75434,
CYPRESS - MAIN OFFICE,1,Post Office,HARRIS,16635 SPRING CYPRESS RD,CYPRESS,TX,77429,
DAINGERFIELD - MAIN OFFICE,1,Post Office,MORRIS,214 W SCURRY ST,DAINGERFIELD,TX,75638,
DALLAS HAMILTON PARK - (R0BERT PRICE) STATION,1,Post Office,DALLAS,8135 FOREST LN,DALLAS,TX,75230,
DALLAS - LAKE HIGHLANDS STA,1,Post Office,DALLAS,10502 MARKISON RD,DALLAS,TX,75238,
DALLAS - WHITE ROCK STATION,1,Post Office,DALLAS,1351 N BUCKNER BLVD,DALLAS,TX,75218,
DALLAS - SPRING VALLEY STATION,1,Post Office,DALLAS,13770 NOEL RD,DALLAS,TX,75240,
DALLAS - FARMERS BRANCH BRANCH,1,Post Office,DALLAS,13904 JOSEY LN,DALLAS,TX,75234,
DALLAS - DR CAESAR CLARK STATION,1,Post Office,DALLAS,1502 E KIEST BLVD,DALLAS,TX,75216,
DALLAS - SEAGOVILLE MAIN OFFICE,1,Post Office,DALLAS,15300 SEAGOVILLE RD,DALLAS,TX,75253,
DALLAS - BEVERLY HILLS STA,1,Post Office,DALLAS,2202 S COCKRELL HILL RD,DALLAS,TX,75211,
DALLAS - NORTHWEST STATION,1,Post Office,DALLAS,2341 W NORTHWEST HWY,DALLAS,TX,75220,
DALLAS - NORTHAVEN STA,1,Post Office,DALLAS,2736 ROYAL LN,DALLAS,TX,75229,
DALLAS - OAK LAWN STATION,1,Post Office,DALLAS,2825 OAK LAWN AVE,DALLAS,TX,75219,
DALLAS - JUANITA CRAFT STATION,1,Post Office,DALLAS,3055 AL LIPSCOMB WAY,DALLAS,TX,75215,
DALLAS - PLEASANT GROVE STA,1,Post Office,DALLAS,350 S BUCKNER BLVD,DALLAS,TX,75217,
DALLAS - HIGHLAND HILLS STA,1,Post Office,DALLAS,3655 SIMPSON STUART RD,DALLAS,TX,75241,
DALLAS - DOWNTOWN STATION,1,Post Office,DALLAS,400 N ERVAY ST,DALLAS,TX,75201,
DALLAS - SPRING VALLEY VMF,2,Vehicle Maintenance,DALLAS,4460 ALPHA RD,DALLAS,TX,75244,
DALLAS - BENT TREE STATION,1,Post Office,DALLAS,4475 TRINITY MILLS RD,DALLAS,TX,75287,
DALLAS - BROOKHOLLOW STATION,1,Post Office,DALLAS,5055 NORWOOD RD,DALLAS,TX,75247,
DALLAS - JOE POOL STATION,1,Post Office,DALLAS,5521 S HAMPTON RD,DALLAS,TX,75232,
DALLAS - UNIVERSITY STATION,1,Post Office,DALLAS,5606 SMU BLVD,DALLAS,TX,75206,
DALLAS - PRESTONWOOD STATION,1,Post Office,DALLAS,5995 SUMMERSIDE DR,DALLAS,TX,75248,
DALLAS - LAKEWOOD STATION,1,Post Office,DALLAS,6120 SWISS AVE,DALLAS,TX,75214,
DALLAS - VICKERY STATION,1,Post Office,DALLAS,6640 ABRAMS RD,DALLAS,TX,75231,
DALLAS - PARKDALE STATION,1,Post Office,DALLAS,7720 MILITARY PKWY,DALLAS,TX,75227,
DALLAS - PRESTON STATION,1,Post Office,DALLAS,8604 TURTLE CREEK BLVD,DALLAS,TX,75225,
DALLAS - MEDRANO STATION,1,Post Office,DALLAS,8624 FERGUSON RD,DALLAS,TX,75228,
DALLAS - RICHLAND STATION,3,Administrative Office,DALLAS,9130 MARKVILLE DR,DALLAS,TX,75243,
DANEVANG - MPO/MODULAR BLDG,1,Post Office,WHARTON,11294 S STATE HIGHWAY 71,DANEVANG,TX,77432,
DAYTON - MAIN OFFICE,1,Post Office,LIBERTY,110 S MAIN ST,DAYTON,TX,77535,
DEANVILLE - MPO/MODULAR BLDG,1,Post Office,BURLESON,6625 FM 111,DEANVILLE,TX,77852,
DECATUR - MAIN OFFICE,1,Post Office,WISE,206 E WALNUT ST,DECATUR,TX,76234,
DEER PARK - MAIN OFFICE,1,Post Office,HARRIS,200 E SAN AUGUSTINE ST,DEER PARK,TX,77536,
DEL RIO - MAIN OFFICE,1,Post Office,VAL VERDE,2001 N BEDELL AVE,DEL RIO,TX,78840,
DENISON - MAIN OFFICE,1,Post Office,GRAYSON,231 W WOODARD ST,DENISON,TX,75020,
DENTON - MAIN OFFICE,1,Post Office,DENTON,101 E MCKINNEY ST,DENTON,TX,76201,
DESOTO - MAIN OFFICE,1,Post Office,DALLAS,229 S HAMPTON RD,DESOTO,TX,75115,
DEVINE - MAIN OFFICE,1,Post Office,MEDINA,111 W COLLEGE AVE,DEVINE,TX,78016,
DIBOLL - MAIN OFFICE,1,Post Office,ANGELINA,302 N HENDRIX AVE,DIBOLL,TX,75941,
DIMEBOX - MAIN OFFICE,1,Post Office,LEE,1017 STEPHEN F AUSTIN BLVD,DIME BOX,TX,77853,
DRIPPING SPRINGS - MAIN OFFICE,1,Post Office,HAYS,1450 W HIGHWAY 290,DRIPPING SPRINGS,TX,78620,
DUMAS - MAIN OFFICE,1,Post Office,MOORE,315 S BLISS AVE,DUMAS,TX,79029,
DUNCANVILLE - MAIN OFFICE,1,Post Office,DALLAS,711 S CEDAR RIDGE DR,DUNCANVILLE,TX,75137,
EAGLE PASS - MAIN OFFICE,1,Post Office,MAVERICK,410 S BIBB AVE,EAGLE PASS,TX,78852,
EASTLAND - MAIN OFFICE,1,Post Office,EASTLAND,411 W MAIN ST,EASTLAND,TX,76448,
EDINBURG - MAIN OFFICE,1,Post Office,HIDALGO,410 S JACKSON RD,EDINBURG,TX,78539,
EL CAMPO - MAIN OFFICE,1,Post Office,WHARTON,110 S MECHANIC ST,EL CAMPO,TX,77437,
EL INDIO - MPO/MODULAR BLDG,1,Post Office,MAVERICK,18496 FM 1021,EL INDIO,TX,78860,
EL PASO WASHINGTON - PARK STATION,1,Post Office,EL PASO,4400 E PAISANO DR,EL PASO,TX,79905,
EL PASO - SANDY CREEK STATION,1,Post Office,EL PASO,2100 GEORGE DIETER DR,EL PASO,TX,79936,
EL PASO - DOWNTOWN STATION,1,Post Office,EL PASO,219 E MILLS AVE,EL PASO,TX,79901,
EL PASO - PEBBLE HILLS STATION,1,Post Office,EL PASO,3100 N YARBROUGH DR,EL PASO,TX,79925,
EL PASO - SUNRISE STATION,1,Post Office,EL PASO,4100 HERCULES AVE,EL PASO,TX,79904,
EL PASO - CORONADO STATION,1,Post Office,EL PASO,7383 REMCON CIR,EL PASO,TX,79912,
EL PASO - YSLETA STATION,1,Post Office,EL PASO,880 N ZARAGOZA RD,EL PASO,TX,79907,
ELECTRA - MAIN OFFICE,1,Post Office,WICHITA,200 W CLEVELAND AVE,ELECTRA,TX,76360,
ELGIN - MAIN OFFICE,1,Post Office,BASTROP,21 N AVENUE C,ELGIN,TX,78621,
ELSA - MPO,1,Post Office,HIDALGO,706 E Edinburg Ave,ELSA,TX,78543,
ENERGY - MAIN OFFICE MODULAR,1,Post Office,COMANCHE,6950 FM 1702 S,ENERGY,TX,76452,
ENNIS - MAIN OFFICE,1,Post Office,ELLIS,205 N MCKINNEY ST,ENNIS,TX,75119,
ERA - MPO/MODULAR BLDG,1,Post Office,COOKE,7210 W FM 922,ERA,TX,76238,
ESTELLINE - MPO/MODULAR BLDG,1,Post Office,HALL,710 CLEVELAND ST,ESTELLINE,TX,79233,
EULESS - MAIN OFFICE,1,Post Office,TARRANT,210 N ECTOR DR,EULESS,TX,76039,
FARMERSVILLE - MAIN OFFICE,1,Post Office,COLLIN,213 MCKINNEY ST,FARMERSVILLE,TX,75442,
FISCHER - MPO/MODULAR BLDG,1,Post Office,COMAL,4050 FM 484,FISCHER,TX,78623,
FLORESVILLE - MAIN OFFICE,1,Post Office,WILSON,141 PALOMA DR,FLORESVILLE,TX,78114,
FORNEY - MAIN OFFICE,1,Post Office,KAUFMAN,102 E BROAD ST,FORNEY,TX,75126,
FORT WORTH - SEMINARY HILL STA,1,Post Office,TARRANT,1001 ALTAMESA BLVD,FORT WORTH,TX,76134,
FORT WORTH - OAKS BRANCH,1,Post Office,TARRANT,1008 ROBERTS CUT OFF RD,RIVER OAKS,TX,76114,
FORT WORTH - DOWNTOWN STATION,3,Administrative Office,TARRANT,251 W LANCASTER AVE,FORT WORTH,TX,76102,
FORT WORTH - 8TH AVENUE STATION,1,Post Office,TARRANT,2600 8TH AVE,FORT WORTH,TX,76110,
FORT WORTH - WHITE SETTLEMENT BR,1,Post Office,TARRANT,301 N LAS VEGAS TRL,FORT WORTH,TX,76108,
FORT WORTH - RIDGLEA STATION,1,Post Office,TARRANT,3020 CHERRY LN,FORT WORTH,TX,76116,
FORT WORTH - ARLINGTON HGTS,1,Post Office,TARRANT,3101 W 6TH ST,FORT WORTH,TX,76107,
FORT WORTH - LAKE WORTH BRANCH,1,Post Office,TARRANT,3930 TELEPHONE RD,FORT WORTH,TX,76135,
FORT WORTH - TRINITY RIVER STATION,1,Post Office,TARRANT,4450 OAK PARK LN,FORT WORTH,TX,76109,
FORT WORTH - POLYTEC STATION; POLYTECH STATION STORAGE,1,Post Office,TARRANT,4650 E ROSEDALE ST,FORT WORTH,TX,76105,
FORT WORTH - GLENCREST STATION,1,Post Office,TARRANT,5125 WICHITA ST,FORT WORTH,TX,76119,
FORT WORTH - HALTOM CITY BRANCH,1,Post Office,TARRANT,5709 BROADWAY AVE,HALTOM CITY,TX,76117,
FORT WORTH - NO RICHLAND HILLS BR,1,Post Office,TARRANT,6051 DAVIS BLVD,NORTH RICHLAND HILLS,TX,76180,
FORT WORTH - CITY VIEW STATION,1,Post Office,TARRANT,7101 BRYANT IRVIN RD,FORT WORTH,TX,76132,
FRANCITAS - MPO/MODULAR BLDG,1,Post Office,JACKSON,66 BRYAN ST,FRANCITAS,TX,77961,
FREDERICKSBURG - MAIN OFFICE,1,Post Office,GILLESPIE,1150 N US HIGHWAY 87,FREDERICKSBURG,TX,78624,
FRED - MAIN OFFICE,1,Post Office,TYLER,20239 FM 92 S,FRED,TX,77616,
FREEPORT - MAIN OFFICE,1,Post Office,BRAZORIA,924 N AVENUE F,FREEPORT,TX,77541,
FRESNO - MAIN OFFICE,1,Post Office,FORT BEND,4725 TEAL BEND BLVD,FRESNO,TX,77545,
FRIENDSWOOD - MAIN OFFICE,1,Post Office,GALVESTON,310 MORNINGSIDE DR,FRIENDSWOOD,TX,77546,
FRISCO - EAST FRISCO CARRIER ANNEX,1,Post Office,COLLIN,12580 ROLATER RD,FRISCO,TX,75035,
FRISCO - MAIN OFFICE,1,Post Office,COLLIN,8700 STONEBROOK PKWY,FRISCO,TX,75034,
GAINESVILLE - MAIN OFFICE,1,Post Office,COOKE,321 E CALIFORNIA ST,GAINESVILLE,TX,76240,
GALVESTON - BOB LYONS STA,1,Post Office,GALVESTON,5826 BROADWAY ST,GALVESTON,TX,77551,
GARLAND - MAIN OFFICE,1,Post Office,DALLAS,1000 W WALNUT ST,GARLAND,TX,75040,
GARLAND - NORTH STATION,1,Post Office,DALLAS,2346 BELT LINE RD,GARLAND,TX,75044,
GARLAND - SOUTH STATION,1,Post Office,DALLAS,501 E OATES RD,GARLAND,TX,75043,
GARLAND - DALLAS AUX VMF,2,Vehicle Maintenance,DALLAS,936 W WALNUT ST,GARLAND,TX,75040,
GATESVILLE - MAIN OFFICE,1,Post Office,CORYELL,802 E LEON ST,GATESVILLE,TX,76528,
GEORGETOWN - MAIN OFFICE,1,Post Office,WILLIAMSON,2300 SCENIC DR,GEORGETOWN,TX,78626,
GIDDINGS - MAIN OFFICE,1,Post Office,LEE,279 E AUSTIN ST,GIDDINGS,TX,78942,
GILMER - MAIN OFFICE,1,Post Office,UPSHUR,405 N CYPRESS ST,GILMER,TX,75644,
GIRARD - MPO/MODULAR BLDG,1,Post Office,KENT,1485 STATE HIGHWAY 70,GIRARD,TX,79518,
GLADEWATER - MAIN OFFICE,1,Post Office,GREGG,101 N DEAN ST,GLADEWATER,TX,75647,
GODLEY - MAIN OFFICE,1,Post Office,JOHNSON,100 S MAIN ST,GODLEY,TX,76044,
GONZALES - MAIN OFFICE,1,Post Office,GONZALES,920 N SAINT JOSEPH ST STE 105,GONZALES,TX,78629,
GRAHAM - MAIN OFFICE,1,Post Office,YOUNG,100 TENNESSEE ST,GRAHAM,TX,76450,
GRANBURY - MAIN OFFICE,1,Post Office,HOOD,530 N CROCKETT ST,GRANBURY,TX,76048,
GRANBURY - ACTON BRANCH,1,Post Office,HOOD,5561 N GATE RD,GRANBURY,TX,76049,
GRAND PRAIRIE - WESTCHESTER STATION,1,Post Office,DALLAS,765 W WESTCHESTER PKWY,GRAND PRAIRIE,TX,75052,
GRAND PRAIRIE - MAIN OFFICE,1,Post Office,DALLAS,802 S CARRIER PKWY,GRAND PRAIRIE,TX,75051,
GRAPEVINE - MAIN OFFICE,1,Post Office,TARRANT,1251 WILLIAM D TATE AVE,GRAPEVINE,TX,76051,
GRAPEVINE - SOUTHLAKE BRANCH,1,Post Office,TARRANT,300 STATE ST,SOUTHLAKE,TX,76092,
GREENVILLE TX - MAIN OFFICE RETAIL UNIT,1,Post Office,HUNT,2600 WESLEY ST,GREENVILLE,TX,75401,
GREENVILLE - CARRIER ANNEX,1,Post Office,HUNT,3701 STANFORD ST,GREENVILLE,TX,75401,
GROESBECK - MAIN OFFICE,1,Post Office,LIMESTONE,112 S DR J B RIGGS DR,GROESBECK,TX,76642,
HAMILTON - MAIN OFFICE,1,Post Office,HAMILTON,120 S RICE ST,HAMILTON,TX,76531,
HAMSHIRE - MAIN OFFICE,1,Post Office,JEFFERSON,25142 HIGHWAY 124,HAMSHIRE,TX,77622,
HARLINGEN - MAIN OFFICE,1,Post Office,CAMERON,1502 NEW COMBES HWY,HARLINGEN,TX,78550,
HASKELL - MAIN OFFICE,1,Post Office,HASKELL,201 S 1ST ST,HASKELL,TX,79521,
HELOTES - MAIN OFFICE,1,Post Office,BEXAR,12790 FM 1560 N,Helotes,TX,78023,
HENDERSON - MAIN OFFICE,1,Post Office,RUSK,505 S MAIN ST,HENDERSON,TX,75654,
HEREFORD - MAIN OFFICE,1,Post Office,DEAF SMITH,408 MAIN ST,HEREFORD,TX,79045,
HEWITT - MAIN OFFICE,1,Post Office,MCLENNAN,901 S HEWITT DR,HEWITT,TX,76643,
HIGH ISLAND - MAIN OFFICE,1,Post Office,GALVESTON,2008 S 5TH ST,HIGH ISLAND,TX,77623,
HIGHLANDS - MAIN OFFICE,1,Post Office,HARRIS,608 S MAIN ST,HIGHLANDS,TX,77562,
HILLISTER - MAIN OFFICE,1,Post Office,TYLER,283 FM 1013 RD,HILLISTER,TX,77624,
HITCHCOCK - MAIN OFFICE,1,Post Office,GALVESTON,8210 HIGHWAY 6,HITCHCOCK,TX,77563,
HONEY GROVE - MAIN OFFICE,1,Post Office,FANNIN,100 E MAIN ST,HONEY GROVE,TX,75446,
HOUSTON - MEMORIAL PARK STA,1,Post Office,HARRIS,10505 TOWN AND COUNTRY WAY,HOUSTON,TX,77024,
HOUSTON - WESTBRAE STATION,1,Post Office,HARRIS,10910 S GESSNER RD,HOUSTON,TX,77071,
HOUSTON - GENOA STATION,1,Post Office,HARRIS,10935 ALMEDA GENOA RD,HOUSTON,TX,77034,
HOUSTON - BEECHNUT STATION,1,Post Office,HARRIS,11703 BEECHNUT ST,HOUSTON,TX,77072,
HOUSTON - WESTBURY PLACE STATION,1,Post Office,HARRIS,11805 CHIMNEY ROCK RD,HOUSTON,TX,77035,
HOUSTON - ASHFORD WEST STATION,1,Post Office,HARRIS,12655 WHITTINGTON DR,HOUSTON,TX,77077,
HOUSTON - WILLOW PLACE BRANCH,1,Post Office,HARRIS,12955 WILLOW PLACE DR W,HOUSTON,TX,77070,
HOUSTON - UNIVERSITY STATION,1,Post Office,HARRIS,1319 RICHMOND AVE,HOUSTON,TX,77006,
HOUSTON - CORNERSTONE STATION,1,Post Office,HARRIS,14403 WALTERS RD,HOUSTON,TX,77014,
HOUSTON - ALBERT THOMAS STATION,1,Post Office,HARRIS,14917 EL CAMINO REAL,HOUSTON,TX,77062,
HOUSTON - GREENS NORTH VMF,2,Vehicle Maintenance,HARRIS,1530 GREENSMARK DR BLDG A,HOUSTON,TX,77067,
HOUSTON - GREENS NORTH STATION,1,Post Office,HARRIS,1530 GREENSMARK DR,HOUSTON,TX,77067,
HOUSTON - BEAR CREEK STATION; BEARCREEK VMF,2,Vehicle Maintenance,HARRIS,16015 CAIRNWAY DR,HOUSTON,TX,77084,
HOUSTON - WESTFIELD STATION,1,Post Office,HARRIS,17119 RED OAK DR,HOUSTON,TX,77090,
HOUSTON - RIVER OAKS STATION,1,Post Office,HARRIS,1900 W GRAY ST,HOUSTON,TX,77019,
HOUSTON - OAK FOREST STATION,1,Post Office,HARRIS,2499 JUDIWAY ST,HOUSTON,TX,77018,
HOUSTON - CENTRAL VMF,2,Vehicle Maintenance,HARRIS,2801 WASHINGTON AVE,HOUSTON,TX,77007,
HOUSTON - JULIUS MELCHER STA,1,Post Office,HARRIS,2802 TIMMONS LN,HOUSTON,TX,77027,
Houston - Debora Sue Schatz Sta,1,Post Office,HARRIS,2909 ROGERDALE RD,HOUSTON,TX,77042,
HOUSTON - RICH HILL STATION,1,Post Office,HARRIS,2950 UNITY DR,HOUSTON,TX,77057,
HOUSTON - ALMEDA STATION,1,Post Office,HARRIS,3030 W FUQUA ST,HOUSTON,TX,77045,
HOUSTON - FLEETWOOD STATION,1,Post Office,HARRIS,315 ADDICKS HOWELL RD,HOUSTON,TX,77079,
HOUSTON - GREENBRIAR STATION,1,Post Office,HARRIS,3740 GREENBRIAR DR,HOUSTON,TX,77098,
HOUSTON - BROADWAY STATION,1,Post Office,HARRIS,4020 BROADWAY ST,HOUSTON,TX,77087,
HOUSTON - SOUTHMORE STATION,1,Post Office,HARRIS,4110 ALMEDA RD,HOUSTON,TX,77004,
HOUSTON - WILLIAM RICE,1,Post Office,HARRIS,5201 WAKEFOREST ST,HOUSTON,TX,77005,
HOUSTON - PARK PLACE STATION; PARK PLACE VMF,2,Vehicle Maintenance,HARRIS,5302 GALVESTON RD,HOUSTON,TX,77017,
HOUSTON - GRANVILLE W ELDER STA,1,Post Office,HARRIS,550 MAXEY RD,HOUSTON,TX,77013,
HOUSTON - DENVER HARBOR STN,1,Post Office,HARRIS,5901 MARKET ST,HOUSTON,TX,77020,
HOUSTON - DE MOSS STATION,1,Post Office,HARRIS,6500 DE MOSS DR,HOUSTON,TX,77074,
HOUSTON - FAIRBANKS STATION,1,Post Office,HARRIS,7050 BROOKHOLLOW WEST DR,HOUSTON,TX,77040,
HOUSTON - MEDICAL CENTER STA,1,Post Office,HARRIS,7205 ALMEDA RD,HOUSTON,TX,77054,
HOUSTON - N SHEPHERD STATION,1,Post Office,HARRIS,7511 N SHEPHERD DR,HOUSTON,TX,77088,
HOUSTON - LONG POINT STATION,1,Post Office,HARRIS,8000 LONG POINT RD,HOUSTON,TX,77055,
HOUSTON - JOHN DUNLOP STATION,1,Post Office,HARRIS,8728 BEVERLYHILL ST,HOUSTON,TX,77063,
HOUSTON - COPPERFIELD CARRIER ANNEX,1,Post Office,HARRIS,8825 HIGHWAY 6 N,HOUSTON,TX,77095,
HOUSTON - JAMES S GRIFFITH STA,1,Post Office,HARRIS,9320 EMNORA LN,HOUSTON,TX,77080,
HOUSTON - MARTIN LUTHER KING ST,1,Post Office,HARRIS,9444 CULLEN BLVD,HOUSTON,TX,77051,
HOUSTON - WINDMILL STATION,1,Post Office,HARRIS,9898 ALMEDA GENOA RD,HOUSTON,TX,77075,
HOWE - MAIN OFFICE,1,Post Office,GRAYSON,101 W HANING ST,HOWE,TX,75459,
HUFFMAN - MAIN OFFICE,1,Post Office,HARRIS,24936 FM 2100 RD,HUFFMAN,TX,77336,
HUMBLE - MAIN OFFICE,1,Post Office,HARRIS,1202 1ST ST E,HUMBLE,TX,77338,
HUMBLE - KINGWOOD BRANCH,1,Post Office,HARRIS,4025 FEATHER LAKES WAY,KINGWOOD,TX,77339,
HUNTSVILLE - RETAIL / FINANCE UNIT,1,Post Office,WALKER,1315 10TH ST,HUNTSVILLE,TX,77320,
HUNTSVILLE - MAIN OFFICE,1,Post Office,WALKER,3190 HIGHWAY 30 W,HUNTSVILLE,TX,77340,
HURST - NORTH STATION,1,Post Office,TARRANT,777 CANNON DR,HURST,TX,76054,
INGRAM - MAIN OFFICE,1,Post Office,KERR,3190 JUNCTION HWY,INGRAM,TX,78025,
IRVING - CENTRAL STATION,1,Post Office,DALLAS,2300 STORY RD W,IRVING,TX,75038,
IRVING - LAS COLINAS FINANCE STA,1,Post Office,DALLAS,3900 TELEPORT BLVD,IRVING,TX,75039,
IRVING - VALLEY RANCH,1,Post Office,DALLAS,8501 N MACARTHUR BLVD,IRVING,TX,75063,
JACKSONVILLE - MAIN OFFICE,1,Post Office,CHEROKEE,400 W RUSK ST,JACKSONVILLE,TX,75766,
JARRELL - MAIN POST OFFICE,1,Post Office,WILLIAMSON,12355 N INTERSTATE 35,JARRELL,TX,76537,
JASPER - MAIN OFFICE,1,Post Office,JASPER,215 N BOWIE ST,JASPER,TX,75951,
JOHNSON CITY - MAIN OFFICE,1,Post Office,BLANCO,201 S AVENUE G,JOHNSON CITY,TX,78636,
JOSHUA - MAIN OFFICE,1,Post Office,JOHNSON,306 N BROADWAY ST,JOSHUA,TX,76058,
KATY - CARRIER ANNEX,1,Post Office,HARRIS,1331 PIN OAK RD,KATY,TX,77494,
KATY - PARK ROW BRANCH,1,Post Office,HARRIS,20180 PARK ROW DR,KATY,TX,77449,
KAUFMAN - MAIN OFFICE,1,Post Office,KAUFMAN,2231 S WASHINGTON ST,KAUFMAN,TX,75142,
KELLER - MAIN OFFICE,1,Post Office,TARRANT,520 E VINE ST,KELLER,TX,76248,
KENEDY - MAIN OFFICE,1,Post Office,KARNES,223 S 2ND ST,KENEDY,TX,78119,
KERRVILLE - MAIN OFFICE,1,Post Office,KERR,244 CULLY DR,KERRVILLE,TX,78028,
KILDARE - MPO/MODULAR BLDG,1,Post Office,CASS,1315 COUNTY ROAD 1894,KILDARE,TX,75562,
KILGORE - MAIN OFFICE,1,Post Office,GREGG,500 N KILGORE ST,KILGORE,TX,75662,
KILLEEN - MAIN OFFICE,1,Post Office,BELL,300 N 10TH ST,KILLEEN,TX,76541,
KILLEEN - COPPER MOUNTAIN STA,1,Post Office,BELL,3100 S W S YOUNG DR,KILLEEN,TX,76542,
KINGSBURY - MO/MODULAR BLDG,1,Post Office,GUADALUPE,10055 E HIGHWAY 90,KINGSBURY,TX,78638,
KINGSVILLE - MAIN OFFICE,1,Post Office,KLEBERG,103 E KLEBERG AVE,KINGSVILLE,TX,78363,
KNOTT - MPO/MODULAR BLDG,1,Post Office,HOWARD,5900 W FM 846,KNOTT,TX,79748,
LA GRANGE - MAIN OFFICE,1,Post Office,FAYETTE,113 E COLORADO ST,LA GRANGE,TX,78945,
LA MARQUE - MAIN OFFICE,1,Post Office,GALVESTON,509 LAUREL ST,LA MARQUE,TX,77568,
LA PORTE - MAIN OFFICE,1,Post Office,HARRIS,801 W FAIRMONT PKWY,LA PORTE,TX,77571,
LAKE JACKSON - MAIN OFFICE,1,Post Office,BRAZORIA,210 OAK DR S,LAKE JACKSON,TX,77566,
LAMESA - MAIN OFFICE,1,Post Office,DAWSON,202 N AVENUE G,LAMESA,TX,79331,
LAREDO - DEL MAR STATION,1,Post Office,WEBB,2395 E DEL MAR BLVD,LAREDO,TX,78045,
LAREDO - MAIN OFFICE; VMF,1,Post Office,WEBB,2700 E SAUNDERS ST,LAREDO,TX,78041,
LASALLE - MO/MODULAR BLDG,1,Post Office,JACKSON,1999 FM 616,LA SALLE,TX,77969,
LASARA - MO/MODULAR BLDG,1,Post Office,WILLACY,12056 FM 1015,LASARA,TX,78561,
LEAGUE CITY - MAIN OFFICE,1,Post Office,GALVESTON,240 W GALVESTON ST,LEAGUE CITY,TX,77573,
LEANDER - MAIN OFFICE,1,Post Office,WILLIAMSON,801 S HIGHWAY 183,LEANDER,TX,78641,
LEDBETTER - MPO/MODULAR BLDG.,1,Post Office,FAYETTE,104 CHAPPEL ST,LEDBETTER,TX,78946,
LEESVILLE - MO/MODULAR BLDG,1,Post Office,GONZALES,9606 N STATE HIGHWAY 80,LEESVILLE,TX,78122,
LEONA - MO/MODULAR BLDG,1,Post Office,LEON,143 N LEONA BLVD,LEONA,TX,75850,
LEVELLAND - MAIN OFFICE,1,Post Office,HOCKLEY,712 AVENUE G,LEVELLAND,TX,79336,
LEWISVILLE - MAIN OFFICE,1,Post Office,DENTON,194 CIVIC CIR,LEWISVILLE,TX,75067,
LEWISVILLE - FLOWER MOUND BRANCH,1,Post Office,DENTON,2300 OLYMPIA DR,FLOWER MOUND,TX,75028,
LEWISVILLE - THE COLONY BRANCH,1,Post Office,DENTON,5200 S COLONY BLVD,THE COLONY,TX,75056,
LIBERTY - MAIN OFFICE,1,Post Office,LIBERTY,1515 SAM HOUSTON ST,LIBERTY,TX,77575,
LINDEN - MAIN OFFICE,1,Post Office,CASS,200 E RUSH ST,LINDEN,TX,75563,
LISSIE - MPO/MODULAR BLDG,1,Post Office,WHARTON,213 RAYMOND AVE,LISSIE,TX,77454,
LITTLE ELM - MAIN OFFICE,1,Post Office,DENTON,1012 W ELDORADO PKWY,LITTLE ELM,TX,75068,
LIVERPOOL - MAIN OFFICE,1,Post Office,BRAZORIA,2320 MAIN ST,LIVERPOOL,TX,77577,
LIVINGSTON - MAIN OFFICE,1,Post Office,POLK,1325 W CHURCH ST,LIVINGSTON,TX,77351,
LOCKHART - MAIN OFFICE,1,Post Office,CALDWELL,217 W MARKET ST,LOCKHART,TX,78644,
LODI - MO/MODULAR BLDG,1,Post Office,MARION,6819 FM 248 S,LODI,TX,75564,
LOMETA - MAIN OFFICE,1,Post Office,LAMPASAS,116 E ELM ST,LOMETA,TX,76853,
LONGVIEW - DOWNTOWN STATION,1,Post Office,GREGG,201 E METHVIN ST,LONGVIEW,TX,75601,
LONGVIEW - MAIN OFFICE,1,Post Office,GREGG,2336 S MOBBERLY AVE,LONGVIEW,TX,75602,
LONGVIEW - NORTHWEST STATION,1,Post Office,GREGG,4501 MCCANN RD,LONGVIEW,TX,75605,
LOPENO - MPO/MODULAR BLDG,1,Post Office,ZAPATA,305 1ST ST,LOPENO,TX,78564,
LORENZO - MAIN OFFICE,1,Post Office,CROSBY,225 HIGHWAY 62,LORENZO,TX,79343,
LUBBOCK - MAIN OFFICE/ P&DC; VMF,5,Mail Processing,LUBBOCK,1515 CRICKETS AVE,LUBBOCK,TX,79402,
LUBBOCK - MONTEREY STATION,1,Post Office,LUBBOCK,5014 GARY AVE,LUBBOCK,TX,79413,
LUFKIN - MAIN OFFICE,1,Post Office,ANGELINA,800 S JOHN REDDITT DR,LUFKIN,TX,75904,
LULING - MAIN OFFICE,1,Post Office,CALDWELL,517 E CROCKETT ST,LULING,TX,78648,
MAGNOLIA - MAIN OFFICE,1,Post Office,MONTGOMERY,815 GOODSON RD,MAGNOLIA,TX,77355,
MANSFIELD - MAIN OFFICE,1,Post Office,TARRANT,752 N MAIN ST,MANSFIELD,TX,76063,
MARBLE FALLS - MAIN OFFICE,1,Post Office,BURNET,1212 N US HIGHWAY 281,MARBLE FALLS,TX,78654,
MARLIN - MAIN OFFICE,1,Post Office,FALLS,207 COLEMAN ST,MARLIN,TX,76661,
MARSHALL - MAIN OFFICE,1,Post Office,HARRISON,202 E TRAVIS ST,MARSHALL,TX,75670,
MART - MAIN OFFICE,1,Post Office,MCLENNAN,301 E TEXAS AVE,MART,TX,76664,
MCADOO - MAIN OFFICE,1,Post Office,DICKENS,104 S MAIN ST,MCADOO,TX,79243,
MCALLEN - NEW DOWNTOWN STA,1,Post Office,HIDALGO,406 S 12TH ST,MCALLEN,TX,78501,
MCALLEN - AUXILIARY VMF; Main Office; P&DC,5,Mail Processing,HIDALGO,620 E PECAN BLVD,MCALLEN,TX,78501,
MCCAULLEY - MPO/MODULAR BLDG,1,Post Office,FISHER,1238 COUNTY ROAD 764,MC CAULLEY,TX,79534,
MCFADDIN - MPO/MODULAR BLDG,1,Post Office,VICTORIA,2207 FM 445,MCFADDIN,TX,77973,
MCKINNEY - MAIN OFFICE,1,Post Office,COLLIN,550 N CENTRAL EXPY,MCKINNEY,TX,75070,
MEMPHIS - MAIN OFFICE,1,Post Office,HALL,700 W MAIN ST,MEMPHIS,TX,79245,
MERCEDES - MAIN OFFICE,1,Post Office,HIDALGO,307 STARR ST,MERCEDES,TX,78570,
MERETA - MAIN OFFICE MODULAR,1,Post Office,TOM GREEN,997 BROADWAY ST,MERETA,TX,76940,
MEXIA - MAIN OFFICE,1,Post Office,LIMESTONE,100 N MCKINNEY ST,MEXIA,TX,76667,
MIDLAND - GRAVES STATION,1,Post Office,MIDLAND,3304 W WADLEY AVE,MIDLAND,TX,79707,
MIDLAND - CLAY DESTA STATION,1,Post Office,MIDLAND,612 VETERANS AIRPARK LN,MIDLAND,TX,79705,
MILLERSVIEW - MPO/MODULAR BLDG,1,Post Office,CONCHO,8090 FM 765 E,MILLERSVIEW,TX,76862,
MISSION - MAIN OFFICE,1,Post Office,HIDALGO,901 N FRANCISCO AVE,MISSION,TX,78572,
MISSOURI CITY - MAIN OFFICE,1,Post Office,FORT BEND,1902 TEXAS PKWY,MISSOURI CITY,TX,77489,
MISSOURI CITY - CARRIER ANNEX,1,Post Office,FORT BEND,3701 GLENN LAKES LN,MISSOURI CITY,TX,77459,
MONAHANS - MAIN OFFICE,1,Post Office,WARD,201 S BETTY AVE,MONAHANS,TX,79756,
MONTALBA - MAIN OFFICE,1,Post Office,ANDERSON,200 E FM 321,MONTALBA,TX,75853,
MONTGOMERY - Carrier Annex,1,Post Office,MONTGOMERY,21359 EVA ST,MONTGOMERY,TX,77356,
NACOGDOCHES - MAIN OFFICE,1,Post Office,NACOGDOCHES,3007 N UNIVERSITY DR,NACOGDOCHES,TX,75965,
NAPLES - MAIN OFFICE,1,Post Office,MORRIS,203 MAIN ST,NAPLES,TX,75568,
NAVASOTA - MAIN OFFICE,1,Post Office,GRIMES,115 FARQUHAR ST,NAVASOTA,TX,77868,
NEMO - MAIN OFFICE,1,Post Office,SOMERVELL,1015 County Rd 407,NEMO,TX,76070,
NEW BRAUNFELS - MAIN OFFICE,1,Post Office,COMAL,686 S SEGUIN AVE,NEW BRAUNFELS,TX,78130,
NEW CANEY - MAIN OFFICE,1,Post Office,MONTGOMERY,20811 US HIGHWAY 59,NEW CANEY,TX,77357,
NOCONA - MAIN OFFICE,1,Post Office,MONTAGUE,400 CLAY ST,NOCONA,TX,76255,
NOVICE - MPO/MODULAR BLDG,1,Post Office,COLEMAN,700 PARKER ST,NOVICE,TX,79538,
ODESSA - NORTHEAST STATION,1,Post Office,ECTOR,4551 E 52ND ST,ODESSA,TX,79762,
OLD GLORY - MPO/MODULAR BLDG,1,Post Office,STONEWALL,9080 FM 1835,OLD GLORY,TX,79540,
OLTON - MAIN OFFICE,1,Post Office,LAMB,416 8TH ST,OLTON,TX,79064,
ORANGE - MAIN OFFICE,1,Post Office,ORANGE,500 4TH ST,ORANGE,TX,77630,
ORE CITY - MAIN OFFICE,1,Post Office,UPSHUR,203 US HIGHWAY 259 S,ORE CITY,TX,75683,
ORLA - MPO/MODULAR BLDG,1,Post Office,REEVES,3737 N HIGHWAY 285,ORLA,TX,79770,
PALESTINE - MAIN OFFICE,1,Post Office,ANDERSON,1213 N LINK ST,PALESTINE,TX,75803,
PAMPA - MAIN OFFICE,1,Post Office,GRAY,120 E FOSTER AVE,PAMPA,TX,79065,
PANDORA - MPO/MODULAR BLDG,1,Post Office,WILSON,8547 FM 1107,PANDORA,TX,78143,
PARIS - MPO,1,Post Office,LAMAR,500 CLARKSVILLE ST,PARIS,TX,75460,
PEARLAND - SILVERLAKE STATION,1,Post Office,BRAZORIA,2700 CULLEN BLVD,PEARLAND,TX,77584,
PEARLAND - MAIN OFFICE,1,Post Office,BRAZORIA,3519 E WALNUT ST,PEARLAND,TX,77581,
PECOS - MAIN OFFICE,1,Post Office,REEVES,106 W 4TH ST,PECOS,TX,79772,
PENNINGTON - MPO/MODULAR BLDG,1,Post Office,TRINITY,6552 FM 2781,PENNINGTON,TX,75856,
PETERSBURG - MAIN OFFICE,1,Post Office,HALE,1501 E 1ST ST,PETERSBURG,TX,79250,
PFLUGERVILLE - MAIN OFFICE,1,Post Office,TRAVIS,301 S HEATHERWILDE BLVD,PFLUGERVILLE,TX,78660,
PIERCE - MPO/MODULAR BLDG,1,Post Office,WHARTON,18566 LOOP 526 HWY,PIERCE,TX,77467,
PLAINVIEW - MAIN OFFICE,1,Post Office,HALE,725 ASH ST,PLAINVIEW,TX,79072,
Plano Southern Area - (NFRL DO NOT ENTER CALL),3,Administrative Office,COLLIN,660 DATA DR STE 300,PLANO,TX,75075,
PLANO - DOWNTOWN STATION,1,Post Office,COLLIN,1112 18TH ST,PLANO,TX,75074,
PLANO - MAIN OFFICE,1,Post Office,COLLIN,1200 JUPITER RD,PLANO,TX,75074,
PLANO - WILDCAT STATION,1,Post Office,COLLIN,2901 W PARKER RD,PLANO,TX,75023,
PLANO - COIT STATION,1,Post Office,COLLIN,3400 COIT RD,PLANO,TX,75075,
PLANO - NORTHWEST STATION,1,Post Office,COLLIN,3905 HEDGCOXE RD,PLANO,TX,75025,
PLEDGER - MPO/MODULAR BLDG,1,Post Office,MATAGORDA,9463 FM 1728 RD,PLEDGER,TX,77468,
PONTOTOC - MPO/MODULAR BLDG,1,Post Office,MASON,17658 COLLEGE ST,PONTOTOC,TX,76869,
PORT ARTHUR - MAIN OFFICE,1,Post Office,JEFFERSON,345 LAKESHORE DR,PORT ARTHUR,TX,77640,
PORT ISABEL - SOUTH PADRE ISLAND BR,1,Post Office,CAMERON,4701 PADRE BLVD,SOUTH PADRE ISLAND,TX,78597,
PORTER - MAIN OFFICE,1,Post Office,MONTGOMERY,23550 PARTNERS WAY,PORTER,TX,77365,
PORTLAND - MAIN OFFICE,1,Post Office,SAN PATRICIO,120 LANG RD,PORTLAND,TX,78374,
PRAIRIE VIEW - MAIN OFFICE,1,Post Office,WALLER,21212 FM 1098 LOOP,PRAIRIE VIEW,TX,77446,
PROSPER - MAIN OFFICE,1,Post Office,COLLIN,941 N COLEMAN ST,PROSPER,TX,75078,
PURDON - MPO/MODULAR BLDG,1,Post Office,NAVARRO,700 S BROWN ST,PURDON,TX,76679,
PURMELA - MPO/MODULAR BLDG,1,Post Office,CORYELL,12250 W US HIGHWAY 84,PURMELA,TX,76566,
QUANAH - MAIN OFFICE,1,Post Office,HARDEMAN,219 W 3RD ST,QUANAH,TX,79252,
RANGER - MAIN OFFICE,1,Post Office,EASTLAND,202 N AUSTIN ST,RANGER,TX,76470,
RANKIN - MAIN OFFICE,1,Post Office,UPTON,819 S GRAND ST,RANKIN,TX,79778,
RAYMONDVILLE - MAIN OFFICE,1,Post Office,WILLACY,705 E HIDALGO AVE,RAYMONDVILLE,TX,78580,
REAGAN - MPO/MODULAR BLDG,1,Post Office,FALLS,3700 FM 413,REAGAN,TX,76680,
RED OAK - MAIN OFFICE,1,Post Office,ELLIS,104 E OVILLA RD,RED OAK,TX,75154,
REFUGIO - MAIN OFFICE,1,Post Office,REFUGIO,507 OSAGE ST,REFUGIO,TX,78377,
REKLAW - MO/MODULAR BLDG,1,Post Office,RUSK,320 N MAIN ST,REKLAW,TX,75784,
RICHARDSON - HUFFHINES PARK STATIO,1,Post Office,DALLAS,1206 APOLLO RD,RICHARDSON,TX,75081,
RICHARDSON - MAIN OFFICE,1,Post Office,DALLAS,433 BELLE GROVE DR,RICHARDSON,TX,75080,
RICHMOND - MAIN OFFICE,1,Post Office,FORT BEND,5560 FM 1640 RD,RICHMOND,TX,77469,
RIO FRIO - MPO/MODULAR BLDG,1,Post Office,REAL,5615 RANCH ROAD 1120,RIO FRIO,TX,78879,
ROANOKE - MAIN OFFICE,1,Post Office,DENTON,516 E BYRON NELSON BLVD,ROANOKE,TX,76262,
ROBSTOWN - MAIN OFFICE,1,Post Office,NUECES,313 E MAIN AVE,ROBSTOWN,TX,78380,
ROCKDALE - MAIN OFFICE,1,Post Office,MILAM,234 ACKERMAN ST,ROCKDALE,TX,76567,
ROCKPORT - MAIN OFFICE,1,Post Office,ARANSAS,1550 FM 2165,ROCKPORT,TX,78382,
ROCKWALL - MAIN OFFICE,1,Post Office,ROCKWALL,609 S GOLIAD ST,ROCKWALL,TX,75087,
ROPESVILLE - MAIN OFFICE,1,Post Office,HOCKLEY,403 TIMMONS AVE,ROPESVILLE,TX,79358,
ROSENBERG - MAIN OFFICE,1,Post Office,FORT BEND,2103 AVENUE G,ROSENBERG,TX,77471,
ROSHARON - MAIN OFFICE,1,Post Office,BRAZORIA,1810 E FM 1462 RD,ROSHARON,TX,77583,
ROUND ROCK - FRONTIER STATION,1,Post Office,WILLIAMSON,2250 DOUBLE CREEK DR,ROUND ROCK,TX,78664,
ROUND ROCK - MAIN OFFICE,1,Post Office,WILLIAMSON,797 SAM BASS RD,ROUND ROCK,TX,78681,
ROWLETT - MAIN OFFICE,1,Post Office,DALLAS,3416 ENTERPRISE DR,ROWLETT,TX,75088,
RUSK - MAIN OFFICE,1,Post Office,CHEROKEE,112 W 5TH ST,RUSK,TX,75785,
SAN ANGELO - MAIN OFFICE; VMF,2,Vehicle Maintenance,TOM GREEN,1 N ABE ST,SAN ANGELO,TX,76902,
SAN ANGELO - SOUTHWEST STATION,1,Post Office,TOM GREEN,3201 LOOP 306,SAN ANGELO,TX,76904,
SAN ANTONIO - AIRPORT STATION (AMF),1,Post Office,BEXAR,10250 JOHN SAUNDERS RD,SAN ANTONIO,TX,78216,
SAN ANTONIO - NIMITZ CARRIER ANNEX,1,Post Office,BEXAR,10330 DESERT SANDS ST,SAN ANTONIO,TX,78216,
SAN ANTONIO - BEACON HILL STA,1,Post Office,BEXAR,1064 VANCE JACKSON,SAN ANTONIO,TX,78201,
San Antonio - Alamo Hgts. Finance Unit,1,Post Office,BEXAR,1107 Austin Highway,San Antonio,TX,78209,
SAN ANTONIO - ARSENAL STATION,1,Post Office,BEXAR,1140 S LAREDO ST,SAN ANTONIO,TX,78204,
SAN ANTONIO - LOCKHILL STATION,1,Post Office,BEXAR,12951 HUEBNER RD,SAN ANTONIO,TX,78230,
SAN ANTONIO - THOUSAND OAKS STATION,1,Post Office,BEXAR,15610 HENDERSON PASS,SAN ANTONIO,TX,78232,
SAN ANTONIO - ALAMO HEIGHTS CAX/SERNA,1,Post Office,BEXAR,1948 AUSTIN HWY,SAN ANTONIO,TX,78218,
SAN ANTONIO - ENCINO PARK STATION,1,Post Office,BEXAR,20403 ENCINO LEDGE,SAN ANTONIO,TX,78259,
SAN ANTONIO - LAUREL HEIGHTS STA,1,Post Office,BEXAR,2400 MCCULLOUGH AVE,SAN ANTONIO,TX,78212,
SAN ANTONIO - S TEXAS MED CEN STA,1,Post Office,BEXAR,4835 MEDICAL DR,SAN ANTONIO,TX,78229,
SAN ANTONIO - J FRANK DOBIE STA,1,Post Office,BEXAR,4950 E HOUSTON ST,SAN ANTONIO,TX,78220,
SAN ANTONIO - CEDAR ELM STATION,1,Post Office,BEXAR,5837 DE ZAVALA RD,SAN ANTONIO,TX,78249,
SAN ANTONIO - LEON VALLEY STATION,1,Post Office,BEXAR,6825 HUEBNER RD,SAN ANTONIO,TX,78238,
SAN ANTONIO - HERITAGE STATION,1,Post Office,BEXAR,702 RICHLAND HILLS DR,SAN ANTONIO,TX,78245,
SAN ANTONIO - FRANK M TEJEDA STATION,1,Post Office,BEXAR,7411 BARLITE BLVD,SAN ANTONIO,TX,78224,
SAN ANTONIO - NORTH BROADWAY STATIO,1,Post Office,BEXAR,9211 BROADWAY,SAN ANTONIO,TX,78217,
SAN MARCOS - MAIN OFFICE,1,Post Office,HAYS,210 S STAGECOACH TRL,SAN MARCOS,TX,78666,
SANTA FE - MAIN OFFICE,1,Post Office,GALVESTON,13002 HIGHWAY 6,SANTA FE,TX,77510,
SANTA MARIA - MAIN OFFICE MODULAR BLDG,1,Post Office,CAMERON,11175 MILITARY RD,SANTA MARIA,TX,78592,
SARATOGA - MAIN OFFICE,1,Post Office,HARDIN,17019 FM 770,SARATOGA,TX,77585,
SARITA - MO/MODULAR BLDG,1,Post Office,KENEDY,103 N MALLORY ST,SARITA,TX,78385,
SCHERTZ - MAIN OFFICE,1,Post Office,GUADALUPE,1081 ELBEL RD,SCHERTZ,TX,78154,
SCHWERTNER - MPO/MODULAR BLDG,1,Post Office,WILLIAMSON,14775 FM 1105,SCHWERTNER,TX,76573,
SEGUIN - MAIN OFFICE,1,Post Office,GUADALUPE,531 W COURT ST,SEGUIN,TX,78155,
SEYMOUR - MAIN OFFICE,1,Post Office,BAYLOR,210 N WASHINGTON ST,SEYMOUR,TX,76380,
SHAMROCK - MAIN OFFICE,1,Post Office,WHEELER,210 N MADDEN ST,SHAMROCK,TX,79079,
SHERMAN - MAIN OFFICE,1,Post Office,GRAYSON,701 E PEYTON ST,SHERMAN,TX,75090,
SLATON - MAIN OFFICE,1,Post Office,LUBBOCK,150 W LYNN ST,SLATON,TX,79364,
SMITHVILLE - MAIN OFFICE,1,Post Office,BASTROP,400 MAIN ST,SMITHVILLE,TX,78957,
SOUTHMAYD - MPO/MODULAR BLDG,1,Post Office,GRAYSON,102 CHRISTI LN,SOUTHMAYD,TX,76268,
SPADE - MPO/MODULAR BLDG,1,Post Office,LAMB,2756 FM 168,SPADE,TX,79369,
SPLENDORA - MAIN OFFICE,1,Post Office,MONTGOMERY,26130 FM 2090 RD E,SPLENDORA,TX,77372,
SPRING BRANCH - MAIN OFFICE,1,Post Office,COMAL,132 BLAZING MEADOW RD,SPRING BRANCH,TX,78070,
SPRING - PANTHER CREEK STATION,1,Post Office,HARRIS,10800 GOSLING RD,SPRING,TX,77381,
SPRING - MAIN OFFICE,1,Post Office,HARRIS,1411 WUNSCHE LOOP,SPRING,TX,77373,
SPRING - KLEIN STATION,1,Post Office,HARRIS,7717 LOUETTA RD,SPRING,TX,77379,
SPRING - WOODLANDS METRO CTR B,1,Post Office,HARRIS,9450 PINECROFT DR,SPRING,TX,77380,
STAFFORD - MAIN OFFICE,1,Post Office,FORT BEND,4110 BLUEBONNET DR,STAFFORD,TX,77477,
STAMFORD - MAIN OFFICE,1,Post Office,JONES,115 S SWENSON ST,STAMFORD,TX,79553,
STEPHENVILLE - MAIN OFFICE,1,Post Office,ERATH,431 N GRAHAM ST,STEPHENVILLE,TX,76401,
STONEWALL - MPO/MODULAR BLDG,1,Post Office,GILLESPIE,14490 E US HIGHWAY 290,STONEWALL,TX,78671,
SUGAR LAND - MAIN OFFICE,1,Post Office,FORT BEND,225 MATLAGE WAY,SUGAR LAND,TX,77478,
SUGAR LAND - FIRST COLONY STATION,1,Post Office,FORT BEND,3130 GRANTS LAKE BLVD,SUGAR LAND,TX,77479,
SULPHUR SPRINGS - MAIN OFFICE,1,Post Office,HOPKINS,320 CHURCH ST,SULPHUR SPRINGS,TX,75482,
SWEETWATER - MAIN OFFICE,1,Post Office,NOLAN,201 E 3RD ST,SWEETWATER,TX,79556,
SYLVESTER - MPO/MODULAR BLDG,1,Post Office,FISHER,399 FM 57 S,SYLVESTER,TX,79560,
TALPA - MPO/MODULAR BLDG,1,Post Office,COLEMAN,110 2ND ST,TALPA,TX,76882,
TAYLOR - MAIN OFFICE,1,Post Office,WILLIAMSON,202 W 4TH ST,TAYLOR,TX,76574,
TEAGUE - MAIN OFFICE,1,Post Office,FREESTONE,320 MAIN ST,TEAGUE,TX,75860,
TEMPLE - MAIN OFFICE,1,Post Office,BELL,401 N MAIN ST,TEMPLE,TX,76501,
TERRELL - MAIN OFFICE,1,Post Office,KAUFMAN,1250 STATE HIGHWAY 34 S,TERRELL,TX,75160,
TEXARKANA - MAIN OFFICE; VMF,2,Vehicle Maintenance,BOWIE,2211 N ROBISON RD,TEXARKANA,TX,75501,
TEXAS CITY - MAIN OFFICE,1,Post Office,GALVESTON,2002 11TH AVE N,TEXAS CITY,TX,77590,
THOMPSONS - MPO/MODULAR BLDG,1,Post Office,FORT BEND,222 OILFIELD RD,THOMPSONS,TX,77481,
TOMBALL - MAIN OFFICE,1,Post Office,HARRIS,122 N HOLDERRIETH BLVD,TOMBALL,TX,77375,
TRINIDAD - MAIN OFFICE,1,Post Office,HENDERSON,206 PARK ST,TRINIDAD,TX,75163,
TRINITY - MAIN OFFICE,1,Post Office,TRINITY,116 W MAIN ST,TRINITY,TX,75862,
TYLER - MAIN OFFICE/P&D; VMF,2,Vehicle Maintenance,SMITH,2100 W MARTIN LUTHER KING JR BLVD,TYLER,TX,75702,
UVALDE - MAIN OFFICE,4,Network Facilities,UVALDE,103 S GETTY ST,UVALDE,TX,78801,
VERNON - MAIN OFFICE,1,Post Office,WILBARGER,1701 TEXAS ST,VERNON,TX,76384,
VICTORIA - JAMES MOODY STATION,1,Post Office,VICTORIA,2804 SAM HOUSTON DR,VICTORIA,TX,77904,
VOCA - MPO/MODULAR BLDG,1,Post Office,MCCULLOCH,255 N FM 1851,VOCA,TX,76887,
VOTAW - MPO/MODULAR BLDG,1,Post Office,HARDIN,21598 OLD HWY,VOTAW,TX,77376,
WACO - DOWNTOWN STATION,1,Post Office,MCLENNAN,424 CLAY AVE,WACO,TX,76706,
WACO - HIGHLANDER STATION,1,Post Office,MCLENNAN,4428 N 19TH ST,WACO,TX,76708,
WACO - BELLMEAD BRANCH,1,Post Office,MCLENNAN,901 BANK DR,WACO,TX,76705,
WARING - MPO/MODULAR BLDG,1,Post Office,KENDALL,538 WARING WELFARE RD,WARING,TX,78074,
WAXAHACHIE - MAIN OFFICE,1,Post Office,ELLIS,316 N COLLEGE ST,WAXAHACHIE,TX,75165,
WEATHERFORD - MAIN OFFICE,1,Post Office,PARKER,1145 SANTA FE DR,WEATHERFORD,TX,76086,
WEBSTER - MAIN OFFICE,1,Post Office,HARRIS,17077 N TEXAS AVE,WEBSTER,TX,77598,
WEIR - MPO/MODULAR BLDG.,1,Post Office,WILLIAMSON,200 FM 1105,WEIR,TX,78674,
WELLINGTON - MAIN OFFICE,1,Post Office,COLLINGSWORTH,1000 WEST AVE,WELLINGTON,TX,79095,
WELLMAN - MPO/MODULAR BLDG,1,Post Office,TERRY,503 YOAKUM,WELLMAN,TX,79378,
WESLACO - MAIN OFFICE,1,Post Office,HIDALGO,109 N BORDER AVE,WESLACO,TX,78596,
WHARTON - MAIN OFFICE,1,Post Office,WHARTON,141 E MILAM ST,WHARTON,TX,77488,
WHITHARRAL - MPO/MODULAR BLDG,1,Post Office,HOCKLEY,201 BADGER,WHITHARRAL,TX,79380,
WHITT - MPO/MODULAR BLDG,1,Post Office,PARKER,191 MAIN ST,WHITT,TX,76490,
WICHITA FALLS - MAIN OFFICE,1,Post Office,WICHITA,1000 LAMAR ST,WICHITA FALLS,TX,76301,
WICHITA FALLS - VMF,2,Vehicle Maintenance,WICHITA,3107 5TH ST REAR,WICHITA FALLS,TX,76301,
WICHITA FALLS - MORNINGSIDE CAR FAC,1,Post Office,WICHITA,3107 5TH ST,WICHITA FALLS,TX,76301,
WICHITA FALLS - BRIDGE CREEK STATION,1,Post Office,WICHITA,4001 SOUTHWEST PKWY,WICHITA FALLS,TX,76308,
WILLIS - MAIN OFFICE,1,Post Office,MONTGOMERY,609 N CAMPBELL ST,WILLIS,TX,77378,
WIMBERLEY - MAIN OFFICE,1,Post Office,HAYS,111 JOE WIMBERLEY BLVD,WIMBERLEY,TX,78676,
WINNSBORO - MAIN OFFICE,1,Post Office,WOOD,210 LOCUST ST,WINNSBORO,TX,75494,
WOODLAWN - MAIN OFFICE MODULAR BLDG,1,Post Office,HARRISON,9620 US HIGHWAY 59 N,WOODLAWN,TX,75694,
WOODVILLE - MAIN OFFICE,1,Post Office,TYLER,307 W WHEAT ST,WOODVILLE,TX,75979,
WYLIE - MAIN OFFICE,1,Post Office,COLLIN,940 W FM 544,WYLIE,TX,75098,
YOAKUM - MAIN OFFICE,1,Post Office,LAVACA,112 NELSON ST,YOAKUM,TX,77995,
YORKTOWN - MAIN OFFICE,1,Post Office,DE WITT,124 W MAIN ST,YORKTOWN,TX,78164,
